feature,mean_abs_shap
cf_score,0.7696994068752812
watch_hist_cnt,0.12444181006881568
static_score,0.029292363872275844
years_experience,0.006007257665795969
videos_count,0.0051940423831710195
total_likes,0.0035325422155822388
workout_recommendations,0.0030998694380765463
athlete_rating,0.0024996637761414524
